{
  "generator-jhipster": {
    "jhipsterVersion": "3.4.2",
    "baseName": "ribbon_cache",
    "packageName": "com.mycompany.myapp",
    "packageFolder": "com/mycompany/myapp",
    "serverPort": "8080",
    "authenticationType": "jwt",
    "hibernateCache": "no",
    "clusteredHttpSession": "no",
    "websocket": "no",
    "databaseType": "sql",
    "devDatabaseType": "h2Memory",
    "prodDatabaseType": "postgresql",
    "searchEngine": "no",
    "buildTool": "maven",
    "jwtSecretKey": "35d5a5cdf950380203c44bf65306dec1f2cc8660",
    "useSass": false,
    "applicationType": "gateway",
    "testFrameworks": [],
    "jhiPrefix": "jhi",
    "enableTranslation": false
  }
}